Workbook

Sheet Legend
B2: CPWD Plinth Area Rate Estimator — 2025
B4: How this workbook is organised
B5: • "Estimator" is the only sheet you need to touch — fill the blue-boxed cells, watch the Results Summary at the top update live. • Sheets "01" to "07" hold the CPWD source rate tables — every formula reads from them; nothing is retyped. • Sheet "08 Notes" holds the source applicability notes referenced throughout; "09 Cost Index" and "10 Source Check" are reference-only. • Optional sections on the Estimator sheet are collapsible — click the [+] / [-] buttons in the row-number gutter on the left. • Hover over any 💬 marker for the exact source condition or edge-case that applies to that item.
B8: Colour key
B9: Your input | C9: Type or select here. Blue box = editable.
B10: Calculated (this sheet) | C10: A formula computed from your inputs on this sheet.
B11: Reference (from source sheets) | C11: Purple italic = a rate/label pulled live from sheets 01-07. Shown so you can verify against the source; never edit.
B12: Section / subtotal result | C12: A subtotal — still a formula, highlighted because it is a checkpoint figure.
B13: Grand Total | C13: The final estimated project cost.
B15: 💬 comment marker | C15: Hover for the exact CPWD source wording / condition / edge case for that row.
B17: Section index (click to jump)
B18: Results Summary
B19: A. Building basics
B20: B/C. Base rate & storey-band extra
B21: D. Foundation / basement / stilt / fire extras
B22: E. Services
B23: F. TPQA & Consultancy
B24: G. Lifts
B25: H. Water Tank
B26: I. Development of Site
B27: J. Specialized E&M
B28: Grand Total

Sheet Estimator
A1: CPWD Plinth Area Rate Estimator — 2025 | I1: helper: cat1 (sheet01 4-way)
A2: Fill the blue-boxed cells. See the "Legend" sheet for the colour key, symbols and section index. | I2: =IF(OR($C$21="Hostels — with attached toilets",$C$21="Hostels — with common toilets",$C$21="Quarters"),"Hostels/Quarters",$C$21) -> Offices/Colleges
I3: helper: struct1 label
A4: RESULTS SUMMARY | I4: =IF($C$22="RCC Framed","RCC FRAMED STRUCTURE (Upto six storeys)","COMPOSITE (PARTIALLY LOAD BEARING AND PARTIALLY RCC FRAMED) STRUCTURE (Upto six storeys)") -> RCC FRAMED STRUCTURE (Upto six storeys)
B5: GRAND TOTAL — Estimated Project Cost (₹) | G5: =$G$192 -> 0 | I5: helper: height1 text
B6: in ₹ crore | G6: =$G$192/10000000 -> 0 | I6: ="Floor height "&TEXT($C$23,"0.00")&" metre" -> Floor height 3.60 metre
I7: helper: cat2 (sheet02 lightning/telephone bare form)
A8: SECTION-WISE BREAKDOWN | I8: =IF(OR($C$21="Hostels — with attached toilets",$C$21="Hostels — with common toilets"),"Hostels",$C$21) -> Offices/Colleges
B9: 1. Building Cost | G9: =$G$70 -> 0
B10: 2. Services | G10: =$G$83 -> 0
B11: 3. TPQA & Consultancy | G11: =$G$90 -> 0
B12: 4. Lifts | G12: =$G$100 -> 0
B13: 5. Water Tank | G13: =$G$106 -> 0
B14: 6. Development of Site | G14: =$G$125 -> 0
B15: 7. Specialized E&M | G15: =$G$179 -> 0
A16: Subtotal (Sections 1-7) | G16: =$G$189 -> 0
B17: Local Cess/Levy, if any (Note 1) | G17: =$G$190 -> 0
A19: A. PROJECT & BUILDING BASICS
B20: Item | C20: Your input | E20: Unit
B21: Building category | C21: Offices/Colleges
B22: Structure type | C22: RCC Framed
B23: Normal floor height selected | C23: 3.6 | E23: metre
B24: Actual average floor height (typical floors) | C24: 3.6 | E24: metre
B25: Number of storeys (incl. ground floor) | C25: 1
B26: Ground floor plinth area | C26: 0 | E26: sqm
B27: Total plinth area, all floors | C27: 0 | E27: sqm
B28: Plot area | C28: 0 | E28: sqm
A30: B. SECTION 1 — BASE BUILDING-COST RATE
B31: Item | C31: Input | D31: Rate/Area | E31: Unit | F31: Reference rate | G31: Cost (₹)
B32: Base rate (items 1.1 / 1.2) | E32: ₹/sqm | F32: =IF(SUMPRODUCT((EXACT('01 Building Cost'!$B$5:$B$40,$I$4))*(EXACT('01 Building Cost'!$C$5:$C$40,$I$6))*(EXACT('01 Building Cost'!$D$5:$D$40,$I$2))*('01 Building Cost'!$F$5:$F$40<>""))=0,"N/A",SUMPRODUCT((EXACT('01 Building Cost'!$B$5:$B$40,$I$4))*(EXACT('01 Building Cost'!$C$5:$C$40,$I$6))*(EXACT('01 Building Cost'!$D$5:$D$40,$I$2))*'01 Building Cost'!$F$5:$F$40)) -> 30920
B33: Base building cost (= base rate × total plinth area) | G33: =IF(ISNUMBER($F$32),$F$32*$C$27,0) -> 0
A35: C. SECTION 1 — ITEM 1.3.1: EXTRA FOR STOREYS BEYOND SIX
A36: Band | B36: Storey range | C36: Storeys here | D36: Area (sqm) | E36: Unit | F36: Band rate | G36: Cost (₹)
A37: B1 | B37: =7&"-"&12 -> 7-12 | C37: =MAX(0,MIN($C$25,12)-7+1) -> 0 | D37: =IF($C$25=0,0,C37*($C$27/$C$25)) -> 0 | F37: ='01 Building Cost'!$F$21*1 -> 123 | G37: =IF(C37=0,0,F37*D37) -> 0
A38: B2 | B38: =13&"-"&18 -> 13-18 | C38: =MAX(0,MIN($C$25,18)-13+1) -> 0 | D38: =IF($C$25=0,0,C38*($C$27/$C$25)) -> 0 | F38: ='01 Building Cost'!$F$21*2 -> 246 | G38: =IF(C38=0,0,F38*D38) -> 0
A39: B3 | B39: =19&"-"&24 -> 19-24 | C39: =MAX(0,MIN($C$25,24)-19+1) -> 0 | D39: =IF($C$25=0,0,C39*($C$27/$C$25)) -> 0 | F39: ='01 Building Cost'!$F$21*3 -> 369 | G39: =IF(C39=0,0,F39*D39) -> 0
A40: B4 | B40: =25&"-"&30 -> 25-30 | C40: =MAX(0,MIN($C$25,30)-25+1) -> 0 | D40: =IF($C$25=0,0,C40*($C$27/$C$25)) -> 0 | F40: ='01 Building Cost'!$F$21*4 -> 492 | G40: =IF(C40=0,0,F40*D40) -> 0
A41: B5 | B41: =31&"-"&36 -> 31-36 | C41: =MAX(0,MIN($C$25,36)-31+1) -> 0 | D41: =IF($C$25=0,0,C41*($C$27/$C$25)) -> 0 | F41: ='01 Building Cost'!$F$21*5 -> 615 | G41: =IF(C41=0,0,F41*D41) -> 0
A42: B6 | B42: =37&"-"&42 -> 37-42 | C42: =MAX(0,MIN($C$25,42)-37+1) -> 0 | D42: =IF($C$25=0,0,C42*($C$27/$C$25)) -> 0 | F42: ='01 Building Cost'!$F$21*6 -> 738 | G42: =IF(C42=0,0,F42*D42) -> 0
A43: B7 | B43: =43&"-"&48 -> 43-48 | C43: =MAX(0,MIN($C$25,48)-43+1) -> 0 | D43: =IF($C$25=0,0,C43*($C$27/$C$25)) -> 0 | F43: ='01 Building Cost'!$F$21*7 -> 861 | G43: =IF(C43=0,0,F43*D43) -> 0
A44: B8 | B44: =49&"-"&54 -> 49-54 | C44: =MAX(0,MIN($C$25,54)-49+1) -> 0 | D44: =IF($C$25=0,0,C44*($C$27/$C$25)) -> 0 | F44: ='01 Building Cost'!$F$21*8 -> 984 | G44: =IF(C44=0,0,F44*D44) -> 0
A45: B9 | B45: =55&"-"&60 -> 55-60 | C45: =MAX(0,MIN($C$25,60)-55+1) -> 0 | D45: =IF($C$25=0,0,C45*($C$27/$C$25)) -> 0 | F45: ='01 Building Cost'!$F$21*9 -> 1107 | G45: =IF(C45=0,0,F45*D45) -> 0
A46: B10 | B46: =61&"-"&66 -> 61-66 | C46: =MAX(0,MIN($C$25,66)-61+1) -> 0 | D46: =IF($C$25=0,0,C46*($C$27/$C$25)) -> 0 | F46: ='01 Building Cost'!$F$21*10 -> 1230 | G46: =IF(C46=0,0,F46*D46) -> 0
A47: Total — item 1.3.1 (storey-band extra) | G47: =SUM(G37:G46) -> 0
A49: D. SECTION 1 — FOUNDATION / HEIGHT / BASEMENT / STILT / FIRE EXTRAS
A50: Ref | B50: Item | C50: Input 1 | D50: Input 2 (area) | E50: Unit | F50: Reference rate | G50: Cost (₹)
A51: Foundation & structural extras (optional)
A52: 1.3.2 | B52: Extra/deduct — floor height ≠ normal | D52: =$C$27 -> 0 | E52: ₹/sqm | F52: ='01 Building Cost'!C22 -> Every 0.3 metre or part thereof, additional / less height of floor above normal floor height of 3.60 metre / 3.00 metre | G52: =IF(($C$24-$C$23)>=0,1,-1)*ROUNDUP(ABS(($C$24-$C$23))/0.3,0)*'01 Building Cost'!$F$22*D52 -> 0
A53: 1.3.3 | B53: Extra — higher plinth height (GF area) | C53: 0.6 | D53: =$C$26 -> 0 | E53: actual ht, m | F53: ='01 Building Cost'!C23 -> Every 0.3 metre or part thereof, higher plinth height over normal plinth height of 0.60 metre (ground floor area only) | G53: =IF(($C$53-0.6)>=0,1,-1)*ROUNDUP(ABS(($C$53-0.6))/0.3,0)*'01 Building Cost'!$F$23*D53 -> 0
A54: 1.3.4 | B54: Extra — deeper foundation (GF area) | C54: 1.2 | D54: =$C$26 -> 0 | E54: actual depth, m | F54: ='01 Building Cost'!C24 -> Every 0.30 metre or part thereof, deeper foundations over normal depth of 1.20 metre (ground floor area only) | G54: =IF(($C$54-1.2)>=0,1,-1)*ROUNDUP(ABS(($C$54-1.2))/0.3,0)*'01 Building Cost'!$F$24*D54 -> 0
A55: 1.3.5 | B55: Stronger foundation for future floor (GF area) | C55: No | D55: =$C$26 -> 0 | F55: =IF($C$22="RCC Framed",'01 Building Cost'!$F$25,'01 Building Cost'!$F$26) -> 1800 | G55: =IF($C$55="Yes",F55*D55,0) -> 0
A56: 1.3.6 | B56: RCC raft foundation (GF area) | C56: No | D56: =$C$26 -> 0 | F56: ='01 Building Cost'!$F$27 -> 12765 | G56: =IF($C$56="Yes",F56*D56,0) -> 0
A57: 1.3.7 | B57: Pile foundation upto 15 m (GF area) | C57: No | D57: =$C$26 -> 0 | F57: ='01 Building Cost'!$F$28 -> 22240 | G57: =IF($C$57="Yes",F57*D57,0) -> 0
A58: 1.3.8 | B58: Extra — pile deeper than 15 m | C58: 15 | D58: =$C$26 -> 0 | E58: actual depth, m | F58: ='01 Building Cost'!$F$29 -> 2265 | G58: =IF($C$57="Yes",ROUNDUP(MAX(0,$C$58-15),0)*F58*D58,0) -> 0
A59: 1.3.9 | B59: Stronger members — heavy load 500-1000 kg/sqm | C59: No | D59: =$C$27 -> 0 | F59: ='01 Building Cost'!$F$30 -> 2070 | G59: =IF($C$59="Yes",F59*D59,0) -> 0
A60: Basement (optional)
A61: 1.4.1 | B61: Basement floor (height upto 3.35 m, excl. raft base) | C61: No | D61: 0 | E61: area, sqm | F61: ='01 Building Cost'!$F$31 -> 23170 | G61: =IF($C$61="Yes",F61*D61,0) -> 0
A62: 1.4.2 | B62: Extra/deduct — basement height ≠ 3.35 m normal | C62: 3.35 | D62: =$D$61 -> 0 | E62: actual ht, m | F62: ='01 Building Cost'!C32 -> Add or deduct for every 0.30 metre, or part thereof, height against normal height of 3.35 metre | G62: =IF($C$61="Yes",IF(($C$62-3.35)>=0,1,-1)*ROUNDUP(ABS(($C$62-3.35))/0.3,0)*'01 Building Cost'!$F$32*D62,0) -> 0
A63: 1.7 | B63: Pressurized mechanical ventilation in basement | C63: No | D63: =$D$61 -> 0 | F63: ='01 Building Cost'!$F$38 -> 1050 | G63: =IF(AND($C$61="Yes",$C$63="Yes"),F63*D63,0) -> 0
A64: Stilt (optional)
A65: 1.8.1 | B65: Stilt portion, upto floor height 3.60 m | C65: No | D65: 0 | E65: area, sqm | F65: ='01 Building Cost'!$F$39 -> 9870 | G65: =IF($C$65="Yes",F65*D65,0) -> 0
A66: 1.8.2 | B66: Extra — stilt height above 3.60 m | C66: 3.6 | D66: =$D$65 -> 0 | E66: actual ht, m | F66: ='01 Building Cost'!$F$40 -> 235 | G66: =IF($C$65="Yes",ROUNDUP(MAX(0,$C$66-3.6)/0.3,0)*F66*D66,0) -> 0
A67: 1.5 | B67: Fire fighting system | C67: None | D67: =$C$27 -> 0 | F67: =IF($C$67="Downcomer System",'01 Building Cost'!$F$33,IF($C$67="Wet riser system",'01 Building Cost'!$F$34,IF($C$67="Wet riser and sprinkler system",'01 Building Cost'!$F$35,0))) -> 0 | G67: =F67*D67 -> 0
A68: 1.6 | B68: Fire alarm system | C68: None | D68: =$C$27 -> 0 | F68: =IF($C$68="Manual fire alarm system",'01 Building Cost'!$F$36,IF($C$68="Automatic fire alarm system",'01 Building Cost'!$F$37,0)) -> 0 | G68: =F68*D68 -> 0
A70: SECTION 1 TOTAL — BUILDING COST | G70: =$G$33+$G$47+$G$52+$G$53+$G$54+$G$55+$G$56+$G$57+$G$58+$G$59+$G$61+$G$62+$G$63+$G$65+$G$66+$G$67+$G$68 -> 0
B71: of which: Section-2 base (excl. items 1.3.4-1.3.9, 1.5, 1.6 per sheet-02 basis note) | G71: =$G$70-($G$54+$G$55+$G$56+$G$57+$G$58+$G$59+$G$67+$G$68) -> 0
A73: E. SECTION 2 — SERVICES (% of Section-2 base)
A74: Ref | B74: Item | E74: Unit | F74: Rate % | G74: Cost (₹)
A75: 2.1 | B75: Internal water supply & sanitary installations | F75: =SUMPRODUCT((EXACT('02 Services'!$C$5:$C$10,$C$21))*'02 Services'!$E$5:$E$10)/100 -> 0.04 | G75: =F75*$G$71 -> 0
A76: 2.2.1 | B76: Electrical external service connections | F76: ='02 Services'!$E$11/100 -> 0.0375 | G76: =F76*$G$71 -> 0
A77: 2.2.2 | B77: Civil external service connections | F77: ='02 Services'!$E$12/100 -> 0.0125 | G77: =F77*$G$71 -> 0
A78: 2.2.3 | B78: Local body approvals | F78: ='02 Services'!$E$13/100 -> 0.0125 | G78: =F78*$G$71 -> 0
A79: 2.3 | B79: Internal electric installations | F79: ='02 Services'!$E$14/100 -> 0.125 | G79: =F79*$G$71 -> 0
A80: 2.4.1 | B80: Power wiring and plugs | F80: ='02 Services'!$E$15/100 -> 0.04 | G80: =F80*$G$71 -> 0
A81: 2.4.2 | B81: Lightning conductors | F81: =IF(SUMPRODUCT((EXACT('02 Services'!$C$16:$C$20,$I$8))*('02 Services'!$E$16:$E$20<>""))=0,"N/A",SUMPRODUCT((EXACT('02 Services'!$C$16:$C$20,$I$8))*'02 Services'!$E$16:$E$20)/100) -> 0.0025 | G81: =IF(ISNUMBER(F81),F81*$G$71,0) -> 0
A82: 2.4.3 | B82: Telephone conduits | F82: =IF(SUMPRODUCT((EXACT('02 Services'!$C$21:$C$25,$I$8))*('02 Services'!$E$21:$E$25<>""))=0,"N/A",SUMPRODUCT((EXACT('02 Services'!$C$21:$C$25,$I$8))*'02 Services'!$E$21:$E$25)/100) -> 0.0025 | G82: =IF(ISNUMBER(F82),F82*$G$71,0) -> 0
A83: SECTION 2 TOTAL — SERVICES | G83: =$G$75+$G$76+$G$77+$G$78+$G$79+$G$80+$G$81+$G$82 -> 0
B84: Building Cost (Section 1 + Section 2) — feeds Section 3 | G84: =$G$70+$G$83 -> 0
A86: F. SECTION 3 — TPQA & CONSULTANCY (% of Building Cost 1.0+2.0; only if desired by client)
A87: Ref | B87: Item | C87: Include? | E87: Unit | F87: Rate % | G87: Cost (₹)
A88: 3.1 | B88: Third Party Quality Assurance (TPQA) | C88: No | F88: ='03 TPQA Consultancy'!$E$5/100 -> 0.01 | G88: =IF($C$88="Yes",F88*$G$84,0) -> 0
A89: 3.2 | B89: Consultancy Services (Arch/Structural/MEP), if outsourced | C89: No | F89: ='03 TPQA Consultancy'!$E$6/100 -> 0.0175 | G89: =IF($C$89="Yes",F89*$G$84,0) -> 0
A90: SECTION 3 TOTAL — TPQA & CONSULTANCY | G90: =$G$88+$G$89 -> 0
A92: G. SECTION 4 — LIFTS
A93: Lift spec | B93: Qty | C93: Floors served | D93: Baseline (auto) | E93: Extra floors | F93: Unit price | G93: Line cost
B94: 0 | C94: 0 | D94: =IF($A94="",0,SUMPRODUCT((EXACT('04 Lifts'!$B$5:$B$17&" "&'04 Lifts'!$C$5:$C$17&"-person, "&'04 Lifts'!$D$5:$D$17&" m/s, "&'04 Lifts'!$E$5:$E$17,$A94))*'04 Lifts'!$H$5:$H$17)) -> 0 | E94: =IF($A94="",0,MAX(0,$C94-D94)) -> 0 | F94: =IF($A94="",0,SUMPRODUCT((EXACT('04 Lifts'!$B$5:$B$17&" "&'04 Lifts'!$C$5:$C$17&"-person, "&'04 Lifts'!$D$5:$D$17&" m/s, "&'04 Lifts'!$E$5:$E$17,$A94))*'04 Lifts'!$F$5:$F$17)*100000) -> 0 | G94: =$B94*(F94+E94*IF($A94="",0,SUMPRODUCT((EXACT('04 Lifts'!$B$5:$B$17&" "&'04 Lifts'!$C$5:$C$17&"-person, "&'04 Lifts'!$D$5:$D$17&" m/s, "&'04 Lifts'!$E$5:$E$17,$A94))*'04 Lifts'!$G$5:$G$17))) -> 0
B95: 0 | C95: 0 | D95: =IF($A95="",0,SUMPRODUCT((EXACT('04 Lifts'!$B$5:$B$17&" "&'04 Lifts'!$C$5:$C$17&"-person, "&'04 Lifts'!$D$5:$D$17&" m/s, "&'04 Lifts'!$E$5:$E$17,$A95))*'04 Lifts'!$H$5:$H$17)) -> 0 | E95: =IF($A95="",0,MAX(0,$C95-D95)) -> 0 | F95: =IF($A95="",0,SUMPRODUCT((EXACT('04 Lifts'!$B$5:$B$17&" "&'04 Lifts'!$C$5:$C$17&"-person, "&'04 Lifts'!$D$5:$D$17&" m/s, "&'04 Lifts'!$E$5:$E$17,$A95))*'04 Lifts'!$F$5:$F$17)*100000) -> 0 | G95: =$B95*(F95+E95*IF($A95="",0,SUMPRODUCT((EXACT('04 Lifts'!$B$5:$B$17&" "&'04 Lifts'!$C$5:$C$17&"-person, "&'04 Lifts'!$D$5:$D$17&" m/s, "&'04 Lifts'!$E$5:$E$17,$A95))*'04 Lifts'!$G$5:$G$17))) -> 0
B96: 0 | C96: 0 | D96: =IF($A96="",0,SUMPRODUCT((EXACT('04 Lifts'!$B$5:$B$17&" "&'04 Lifts'!$C$5:$C$17&"-person, "&'04 Lifts'!$D$5:$D$17&" m/s, "&'04 Lifts'!$E$5:$E$17,$A96))*'04 Lifts'!$H$5:$H$17)) -> 0 | E96: =IF($A96="",0,MAX(0,$C96-D96)) -> 0 | F96: =IF($A96="",0,SUMPRODUCT((EXACT('04 Lifts'!$B$5:$B$17&" "&'04 Lifts'!$C$5:$C$17&"-person, "&'04 Lifts'!$D$5:$D$17&" m/s, "&'04 Lifts'!$E$5:$E$17,$A96))*'04 Lifts'!$F$5:$F$17)*100000) -> 0 | G96: =$B96*(F96+E96*IF($A96="",0,SUMPRODUCT((EXACT('04 Lifts'!$B$5:$B$17&" "&'04 Lifts'!$C$5:$C$17&"-person, "&'04 Lifts'!$D$5:$D$17&" m/s, "&'04 Lifts'!$E$5:$E$17,$A96))*'04 Lifts'!$G$5:$G$17))) -> 0
B97: 0 | C97: 0 | D97: =IF($A97="",0,SUMPRODUCT((EXACT('04 Lifts'!$B$5:$B$17&" "&'04 Lifts'!$C$5:$C$17&"-person, "&'04 Lifts'!$D$5:$D$17&" m/s, "&'04 Lifts'!$E$5:$E$17,$A97))*'04 Lifts'!$H$5:$H$17)) -> 0 | E97: =IF($A97="",0,MAX(0,$C97-D97)) -> 0 | F97: =IF($A97="",0,SUMPRODUCT((EXACT('04 Lifts'!$B$5:$B$17&" "&'04 Lifts'!$C$5:$C$17&"-person, "&'04 Lifts'!$D$5:$D$17&" m/s, "&'04 Lifts'!$E$5:$E$17,$A97))*'04 Lifts'!$F$5:$F$17)*100000) -> 0 | G97: =$B97*(F97+E97*IF($A97="",0,SUMPRODUCT((EXACT('04 Lifts'!$B$5:$B$17&" "&'04 Lifts'!$C$5:$C$17&"-person, "&'04 Lifts'!$D$5:$D$17&" m/s, "&'04 Lifts'!$E$5:$E$17,$A97))*'04 Lifts'!$G$5:$G$17))) -> 0
B98: 0 | C98: 0 | D98: =IF($A98="",0,SUMPRODUCT((EXACT('04 Lifts'!$B$5:$B$17&" "&'04 Lifts'!$C$5:$C$17&"-person, "&'04 Lifts'!$D$5:$D$17&" m/s, "&'04 Lifts'!$E$5:$E$17,$A98))*'04 Lifts'!$H$5:$H$17)) -> 0 | E98: =IF($A98="",0,MAX(0,$C98-D98)) -> 0 | F98: =IF($A98="",0,SUMPRODUCT((EXACT('04 Lifts'!$B$5:$B$17&" "&'04 Lifts'!$C$5:$C$17&"-person, "&'04 Lifts'!$D$5:$D$17&" m/s, "&'04 Lifts'!$E$5:$E$17,$A98))*'04 Lifts'!$F$5:$F$17)*100000) -> 0 | G98: =$B98*(F98+E98*IF($A98="",0,SUMPRODUCT((EXACT('04 Lifts'!$B$5:$B$17&" "&'04 Lifts'!$C$5:$C$17&"-person, "&'04 Lifts'!$D$5:$D$17&" m/s, "&'04 Lifts'!$E$5:$E$17,$A98))*'04 Lifts'!$G$5:$G$17))) -> 0
B99: 0 | C99: 0 | D99: =IF($A99="",0,SUMPRODUCT((EXACT('04 Lifts'!$B$5:$B$17&" "&'04 Lifts'!$C$5:$C$17&"-person, "&'04 Lifts'!$D$5:$D$17&" m/s, "&'04 Lifts'!$E$5:$E$17,$A99))*'04 Lifts'!$H$5:$H$17)) -> 0 | E99: =IF($A99="",0,MAX(0,$C99-D99)) -> 0 | F99: =IF($A99="",0,SUMPRODUCT((EXACT('04 Lifts'!$B$5:$B$17&" "&'04 Lifts'!$C$5:$C$17&"-person, "&'04 Lifts'!$D$5:$D$17&" m/s, "&'04 Lifts'!$E$5:$E$17,$A99))*'04 Lifts'!$F$5:$F$17)*100000) -> 0 | G99: =$B99*(F99+E99*IF($A99="",0,SUMPRODUCT((EXACT('04 Lifts'!$B$5:$B$17&" "&'04 Lifts'!$C$5:$C$17&"-person, "&'04 Lifts'!$D$5:$D$17&" m/s, "&'04 Lifts'!$E$5:$E$17,$A99))*'04 Lifts'!$G$5:$G$17))) -> 0
A100: SECTION 4 TOTAL — LIFTS | G100: =SUM(G94:G99) -> 0
A102: H. SECTION 5 — RCC WATER TANK
A103: Ref | B103: Item | C103: Type / Include? | D103: Capacity (litre) | E103: Unit | F103: Rate ₹/litre | G103: Cost (₹)
A104: 5.1-5.4 | B104: Overhead tank (OHT) | C104: None | D104: 0 | F104: =IF($C104="None",0,SUMPRODUCT((EXACT('05 RCC Water Tank'!$B$5:$B$8,$C104))*'05 RCC Water Tank'!$D$5:$D$8)) -> 0 | G104: =F104*D104 -> 0
A105: 5.5 | B105: Underground sump | C105: No | D105: 0 | F105: ='05 RCC Water Tank'!$D$9 -> 24 | G105: =IF($C105="Yes",F105*D105,0) -> 0
A106: SECTION 5 TOTAL — WATER TANK | G106: =$G$104+$G$105 -> 0
A108: I. SECTION 6 — DEVELOPMENT OF SITE
B109: Costing method | C109: Flat % (site category)
B110: If Flat %: site category | C110: Compact
...

Sheet 01 Building Cost
A1: 01 — Building Cost
A2: Source section 1.0; specifications as per Annexure-I.
A4: Item No. | B4: Category | C4: Description / condition | D4: Building type / applicability | E4: Rate unit | F4: Rate
A5: 1.1.1 | B5: RCC FRAMED STRUCTURE (Upto six storeys) | C5: Floor height 3.60 metre | D5: Offices/Colleges | E5: ₹/sqm | F5: 30920
A6: 1.1.1 | B6: RCC FRAMED STRUCTURE (Upto six storeys) | C6: Floor height 3.60 metre | D6: Hospitals | E6: ₹/sqm | F6: 31990
A7: 1.1.1 | B7: RCC FRAMED STRUCTURE (Upto six storeys) | C7: Floor height 3.60 metre | D7: Schools | E7: ₹/sqm | F7: 23530
A8: 1.1.1 | B8: RCC FRAMED STRUCTURE (Upto six storeys) | C8: Floor height 3.60 metre | D8: Hostels/Quarters | E8: ₹/sqm
A9: 1.1.2 | B9: RCC FRAMED STRUCTURE (Upto six storeys) | C9: Floor height 3.00 metre | D9: Offices/Colleges | E9: ₹/sqm
A10: 1.1.2 | B10: RCC FRAMED STRUCTURE (Upto six storeys) | C10: Floor height 3.00 metre | D10: Hospitals | E10: ₹/sqm
A11: 1.1.2 | B11: RCC FRAMED STRUCTURE (Upto six storeys) | C11: Floor height 3.00 metre | D11: Schools | E11: ₹/sqm
A12: 1.1.2 | B12: RCC FRAMED STRUCTURE (Upto six storeys) | C12: Floor height 3.00 metre | D12: Hostels/Quarters | E12: ₹/sqm | F12: 24410
A13: 1.2.1 | B13: COMPOSITE (PARTIALLY LOAD BEARING AND PARTIALLY RCC FRAMED) STRUCTURE (Upto six storeys) | C13: Floor height 3.60 metre | D13: Offices/Colleges | E13: ₹/sqm | F13: 26280
A14: 1.2.1 | B14: COMPOSITE (PARTIALLY LOAD BEARING AND PARTIALLY RCC FRAMED) STRUCTURE (Upto six storeys) | C14: Floor height 3.60 metre | D14: Hospitals | E14: ₹/sqm | F14: 27190
A15: 1.2.1 | B15: COMPOSITE (PARTIALLY LOAD BEARING AND PARTIALLY RCC FRAMED) STRUCTURE (Upto six storeys) | C15: Floor height 3.60 metre | D15: Schools | E15: ₹/sqm | F15: 20000
A16: 1.2.1 | B16: COMPOSITE (PARTIALLY LOAD BEARING AND PARTIALLY RCC FRAMED) STRUCTURE (Upto six storeys) | C16: Floor height 3.60 metre | D16: Hostels/Quarters | E16: ₹/sqm
A17: 1.2.2 | B17: COMPOSITE (PARTIALLY LOAD BEARING AND PARTIALLY RCC FRAMED) STRUCTURE (Upto six storeys) | C17: Floor height 3.00 metre | D17: Offices/Colleges | E17: ₹/sqm
A18: 1.2.2 | B18: COMPOSITE (PARTIALLY LOAD BEARING AND PARTIALLY RCC FRAMED) STRUCTURE (Upto six storeys) | C18: Floor height 3.00 metre | D18: Hospitals | E18: ₹/sqm
A19: 1.2.2 | B19: COMPOSITE (PARTIALLY LOAD BEARING AND PARTIALLY RCC FRAMED) STRUCTURE (Upto six storeys) | C19: Floor height 3.00 metre | D19: Schools | E19: ₹/sqm
A20: 1.2.2 | B20: COMPOSITE (PARTIALLY LOAD BEARING AND PARTIALLY RCC FRAMED) STRUCTURE (Upto six storeys) | C20: Floor height 3.00 metre | D20: Hostels/Quarters | E20: ₹/sqm | F20: 20750
A21: 1.3.1 | B21: EXTRA FOR | C21: Set of six additional storey (7th to 12th storey) | D21: All applicable | E21: ₹/sqm | F21: 123
A22: 1.3.2 | B22: EXTRA FOR | C22: Every 0.3 metre or part thereof, additional / less height of floor above normal floor height of 3.60 metre / 3.00 metre | D22: Applicable area | E22: ₹/sqm | F22: 434
A23: 1.3.3 | B23: EXTRA FOR | C23: Every 0.3 metre or part thereof, higher plinth height over normal plinth height of 0.60 metre (ground floor area only) | D23: Applicable area | E23: ₹/sqm | F23: 470
A24: 1.3.4 | B24: EXTRA FOR | C24: Every 0.30 metre or part thereof, deeper foundations over normal depth of 1.20 metre (ground floor area only) | D24: Applicable area | E24: ₹/sqm | F24: 205
A25: 1.3.5 | B25: EXTRA FOR | C25: Making stronger foundations to take load of one additional floor at a later date (ground floor area only) | D25: RCC framed structures | E25: ₹/sqm | F25: 1800
A26: 1.3.5 | B26: EXTRA FOR | C26: Making stronger foundations to take load of one additional floor at a later date (ground floor area only) | D26: Composite structure | E26: ₹/sqm | F26: 700
A27: 1.3.6 | B27: RCC raft foundation | C27: Ground floor area only | D27: All applicable | E27: ₹/sqm | F27: 12765
A28: 1.3.7 | B28: Pile foundation upto a depth of 15 metre | C28: Ground floor area only | D28: All applicable | E28: ₹/sqm | F28: 22240
A29: 1.3.8 | B29: Every 1.0 m deeper pile foundation over normal depth of 15 metre | C29: Ground floor area only | D29: All applicable | E29: ₹/sqm | F29: 2265
A30: 1.3.9 | B30: Stronger structural members to take heavy load above 500 kg per sqm upto 1000 kg per sqm | C30: Applicable area | D30: All applicable | E30: ₹/sqm | F30: 2070
A31: 1.4.1 | B31: BASEMENT FLOOR | C31: Floor height upto 3.35 metre including water proofing (excluding raft base) | D31: All applicable | E31: ₹/sqm | F31: 23170
... A40: 1.8.2 | B40: STILT PORTION | C40: Every 0.30 metre additional height above 3.60 metre | D40: Applicable stilt area | E40: ₹/sqm | F40: 235
A43: Note: | B43: 1.3.1 Extra for additional storeys
B44: An additional rate of ₹123/sqm shall apply to each set of six additional storeys, as follows:
B45: 7th to 12th storey: ₹123/sqm
B46: 13th to 18th storey: ₹246/sqm
B47: 19th to 24th storey: ₹369/sqm
B48: 25th to 30th storey: ₹492/sqm
B49: And so on, with the rate increasing by ₹123/sqm for each successive set of six storeys.
B50: The applicable plinth area shall be the total plinth area of all storeys within the respective set of six storeys.
B51: If the final set contains fewer than six storeys, the same procedure shall apply.
B52: Example: For a 15-storey building:
B53: 1. 7th–12th storeys: ₹123/sqm on the combined plinth area of the 7th to 12th storeys.
B54: 2. 13th–15th storeys: ₹246/sqm on the combined plinth area of the 13th to 15th storeys.

Sheet 02 Services
A1: 02 — Services
A2: Percentage rates; the source states the percentage is based on building cost as per 1.0, excluding specified subheads.
A4: Item No. | B4: Description | C4: Building type / condition | D4: Rate basis | E4: Rate (%)
A5: 2.1 | B5: Internal water supply & sanitary installations | C5: Offices/Colleges | D5: % of building cost | E5: 4
A6: 2.1 | B6: Internal water supply & sanitary installations | C6: Hospitals | D6: % of building cost | E6: 10
A7: 2.1 | B7: Internal water supply & sanitary installations | C7: Schools | D7: % of building cost | E7: 5
A8: 2.1 | B8: Internal water supply & sanitary installations | C8: Hostels — with attached toilets | D8: % of building cost | E8: 12
A9: 2.1 | B9: Internal water supply & sanitary installations | C9: Hostels — with common toilets | D9: % of building cost | E9: 8
A10: 2.1 | B10: Internal water supply & sanitary installations | C10: Quarters | D10: % of building cost | E10: 9
A11: 2.2.1 | B11: Electrical external service connections | C11: All building categories | D11: % of building cost | E11: 3.75
A12: 2.2.2 | B12: Civil external service connections | C12: All building categories | D12: % of building cost | E12: 1.25
A13: 2.2.3 | B13: Local body approvals including tree cutting etc. | C13: All building categories | D13: % of building cost | E13: 1.25
A14: 2.3 | B14: Internal electric installations | C14: All building categories | D14: % of building cost | E14: 12.5
A15: 2.4.1 | B15: Power wiring and plugs | C15: All building categories | D15: % of building cost | E15: 4
A16: 2.4.2 | B16: Lightning conductors | C16: Offices/Colleges | D16: % of building cost | E16: 0.25
... A19: 2.4.2 | B19: Lightning conductors | C19: Hostels | D19: % of building cost | E19: 0.25
A20: 2.4.2 | B20: Lightning conductors | C20: Quarters | D20: % of building cost
A21: 2.4.3 | B21: Telephone conduits | C21: Offices/Colleges | D21: % of building cost | E21: 0.25
A22: 2.4.3 | B22: Telephone conduits | C22: Hospitals | D22: % of building cost | E22: 0.25
A23: 2.4.3 | B23: Telephone conduits | C23: Schools | D23: % of building cost | E23: 0.25
A24: 2.4.3 | B24: Telephone conduits | C24: Hostels | D24: % of building cost | E24: 0.25
A25: 2.4.3 | B25: Telephone conduits | C25: Quarters | D25: % of building cost
A27: Source basis note
A28: For section 2.0, the source states that percentages refer to the percentage of building cost as per 1.0 above, excluding subheads 1.3.4, 1.3.5, 1.3.6, 1.3.7, 1.3.8, 1.3.9, 1.5 and 1.6.

Sheet 03 TPQA Consultancy
A1: 03 — TPQA & Consultancy Services
A2: Percentages refer to building cost (sum of section 1.0 and section 2.0).
A4: Item No. | B4: Description | C4: Applicability | D4: Rate basis | E4: Rate (%)
A5: 3.1 | B5: Third Party Quality Assurance | C5: All building categories | D5: % of building cost (1.0 + 2.0) | E5: 1
A6: 3.2 | B6: Consultancy Services for Architectural, Structural and MEP Services, if outsourced | C6: All building categories | D6: % of building cost (1.0 + 2.0) | E6: 1.75

Sheet 04 Lifts
A1: 04 — Lifts
A2: Power-operated centre-opening doors and AC variable voltage & variable frequency controls.
A4: Item No. | B4: Lift type | C4: Capacity / persons | D4: Speed (m/sec) | E4: Travel height | F4: Price (₹ lakh) | G4: Extra per additional floor (₹) | H4: Baseline floors incl. ground (derived) | I4: Spec label (for dropdown)
A5: 4.1.1 | B5: Passenger | C5: 8 | D5: 1.0 | E5: G+4 | F5: 17.24 | G5: 99860 | H5: =VALUE(MID(E5,FIND("+",E5)+1,10))+1 -> 5 | I5: =B5&" "&C5&"-person, "&D5&" m/s, "&E5 -> Passenger 8-person, 1.0 m/s, G+4
A6: 4.1.2 | B6: Passenger | C6: 8 | D6: 1.5 | E6: G+5 | F6: 19.39 | G6: 99860 | H6: =VALUE(MID(E6,FIND("+",E6)+1,10))+1 -> 6 | I6: =B6&" "&C6&"-person, "&D6&" m/s, "&E6 -> Passenger 8-person, 1.5 m/s, G+5
A7: 4.1.3 | B7: Passenger | C7: 13 | D7: 1.0 | E7: G+4 | F7: 19.39 | G7: 99860 | H7: =VALUE(MID(E7,FIND("+",E7)+1,10))+1 -> 5 | I7: =B7&" "&C7&"-person, "&D7&" m/s, "&E7 -> Passenger 13-person, 1.0 m/s, G+4
A8: 4.1.4 | B8: Passenger | C8: 13 | D8: 1.5 | E8: G+5 | F8: 21.55 | G8: 122050 | H8: =VALUE(MID(E8,FIND("+",E8)+1,10))+1 -> 6 | I8: =B8&" "&C8&"-person, "&D8&" m/s, "&E8 -> Passenger 13-person, 1.5 m/s, G+5
A9: 4.1.5 | B9: Passenger | C9: 16 | D9: 1.0 | E9: G+4 | F9: 25.85 | G9: 122050 | H9: =VALUE(MID(E9,FIND("+",E9)+1,10))+1 -> 5 | I9: =B9&" "&C9&"-person, "&D9&" m/s, "&E9 -> Passenger 16-person, 1.0 m/s, G+4
A10: 4.1.6 | B10: Passenger | C10: 16 | D10: 1.5 | E10: G+5 | F10: 28.01 | G10: 122050 | H10: =VALUE(MID(E10,FIND("+",E10)+1,10))+1 -> 6 | I10: =B10&" "&C10&"-person, "&D10&" m/s, "&E10 -> Passenger 16-person, 1.5 m/s, G+5
A11: 4.1.7 | B11: Passenger | C11: 16 | D11: 2.5 | E11: G+12 | F11: 75.41 | G11: 122050 | H11: =VALUE(MID(E11,FIND("+",E11)+1,10))+1 -> 13 | I11: =B11&" "&C11&"-person, "&D11&" m/s, "&E11 -> Passenger 16-person, 2.5 m/s, G+12
A12: 4.2.1 | B12: Bed | C12: 20 | D12: 0.75 | E12: G+4 | F12: 25.85 | G12: 122050 | H12: =VALUE(MID(E12,FIND("+",E12)+1,10))+1 -> 5 | I12: =B12&" "&C12&"-person, "&D12&" m/s, "&E12 -> Bed 20-person, 0.75 m/s, G+4
A13: 4.2.2 | B13: Bed | C13: 20 | D13: 1.5 | E13: G+5 | F13: 29.09 | G13: 122050 | H13: =VALUE(MID(E13,FIND("+",E13)+1,10))+1 -> 6 | I13: =B13&" "&C13&"-person, "&D13&" m/s, "&E13 -> Bed 20-person, 1.5 m/s, G+5
A14: 4.2.3 | B14: Bed | C14: 20 | D14: 2.5 | E14: G+12 | F14: 80.79 | G14: 122050 | H14: =VALUE(MID(E14,FIND("+",E14)+1,10))+1 -> 13 | I14: =B14&" "&C14&"-person, "&D14&" m/s, "&E14 -> Bed 20-person, 2.5 m/s, G+12
A15: 4.3.1 | B15: Goods (2 speed) | C15: 1 Ton | D15: 0.5 | E15: G+4 | F15: 28.01 | G15: 94310 | H15: =VALUE(MID(E15,FIND("+",E15)+1,10))+1 -> 5 | I15: =B15&" "&C15&"-person, "&D15&" m/s, "&E15 -> Goods (2 speed) 1 Ton-person, 0.5 m/s, G+4
A16: 4.3.2 | B16: Goods (2 speed) | C16: 2 Ton | D16: 0.5 | E16: G+4 | F16: 35.55 | G16: 94310 | H16: =VALUE(MID(E16,FIND("+",E16)+1,10))+1 -> 5 | I16: =B16&" "&C16&"-person, "&D16&" m/s, "&E16 -> Goods (2 speed) 2 Ton-person, 0.5 m/s, G+4
A17: 4.3.3 | B17: Goods (2 speed) | C17: 3 Ton | D17: 0.25 | E17: G+4 | F17: 44.17 | G17: 110950 | H17: =VALUE(MID(E17,FIND("+",E17)+1,10))+1 -> 5 | I17: =B17&" "&C17&"-person, "&D17&" m/s, "&E17 -> Goods (2 speed) 3 Ton-person, 0.25 m/s, G+4

Sheet 05 RCC Water Tank
A1: 05 — RCC Water Tank
A2: Rates as stated in ₹ per litre.
A4: Item No. | B4: Description | C4: Rate unit | D4: Rate
A5: 5.1 | B5: Overhead tank without independent staging | C5: ₹/litre | D5: 23
A6: 5.2 | B6: Overhead tank with staging height upto 20 metre | C6: ₹/litre | D6: 35
A7: 5.3 | B7: Overhead tank with staging height above 20 metre upto 30 metre | C7: ₹/litre | D7: 40
A8: 5.4 | B8: Overhead tank with staging height above 30 metre upto 40 metre | C8: ₹/litre | D8: 47
A9: 5.5 | B9: Underground sump | C9: ₹/litre | D9: 24

Sheet 06 Development of Site
A1: 06 — Development of Site
A2: Rates are presented using the source units and descriptions.
A4: Item No. | B4: Description | C4: Rate unit | D4: Rate
A5: 6.1 | B5: Levelling | C5: ₹/sqm | D5: 160
A6: 6.2.1 | B6: Internal road with WBM and bituminous top | C6: ₹/sqm | D6: 1940
A7: 6.2.2 | B7: Internal road with WMM and bituminous top | C7: ₹/sqm | D7: 2150
A8: 6.2.3 | B8: Cement concrete pavement with vacuum dewatered concrete | C8: ₹/sqm | D8: 2945
A9: 6.2.4 | B9: Footpath with PCC base, 60 mm thick paver blocks and kerb stone edging | C9: ₹/sqm | D9: 2930
A10: 6.3 | B10: External sewerage | C10: ₹/metre | D10: 4180
A11: 6.4.1 | B11: Filtered water supply — Distribution lines upto 100 mm dia | C11: ₹/metre | D11: 2170
A12: 6.4.2 | B12: Filtered water supply — Peripheral grid 150 mm to 300 mm dia pipes | C12: ₹/metre | D12: 4175
A13: 6.4.3 | B13: Unfiltered water supply distribution lines | C13: ₹/metre | D13: 1560
A14: 6.5 | B14: Storm water drains | C14: ₹/metre | D14: 10810
A15: 6.6 | B15: Rain water harvesting (RWH) — excluding collection tank | C15: ₹/metre | D15: 2330
A16: 6.7 | B16: Trenches for services | C16: ₹/metre | D16: 7460
... A20: 6.9.2 | B20: Vertical plantations — excluding frame work; rate applicable on vertical gardening area | C20: ₹/sqm | D20: 6683

Sheet 07 Specialized E&M
A1: 07 — Specialized E&M Works
A2: Items 7.1 to 7.28 from the source PDF; descriptions retained and organized into a single rate table.
A4: Item No. | B4: Description / applicability | C4: Rate unit | D4: Rate
A5: 7.1.1 | B5: 33 kV receiving substation and 33 kV/11 kV HT cabling — complete specified system | C5: ₹/kVA | D5: 3800
A6: 7.2.1 | B6: 33 KV/0.433 KV substation equipment — complete specified system | C6: ₹/kVA | D6: 9000
A7: 7.2.2 | B7: 11 KV/0.433 KV substation equipment — complete specified system | C7: ₹/kVA | D7: 8100
A8: 7.3.1 | B8: Silent type DG sets, AMF panel, bus ducting/cables, synchronizing panel where required, enclosure works, earthing, fuel/exhaust systems and connected civil works | C8: ₹/kVA | D8: 11560
A9: 7.3.2 | B9: Extra for synchronizing panels wherever required | C9: ₹/kVA | D9: 1070
A10: 7.4.1 | B10: Online 3 phase UPS system with 30 minutes backup including batteries, cables, racks etc. | C10: ₹/kVA | D10: 21290
A11: 7.4.2 | B11: Add for every additional 30 minutes backup | C11: ₹/kVA | D11: 9580
A12: 7.5.1 | B12: Energy efficient central AC plant including low side works | C12: ₹/TR | D12: 90380
A13: 7.5.2 | B13: Extra for stand-by chilling units high side | C13: ₹/TR | D13: 40860
A14: 7.6.1 | B14: VRV/VRF system including indoor/outdoor units, piping, electrical power distribution/wiring, electrical panel, treated fresh air system etc. | C14: ₹/HP | D14: 58480
A15: 7.7.1 | B15: Precision air conditioning system including piping, electrical cabling, controller etc. | C15: ₹/TR | D15: 110000
A16: 7.8.1 | B16: Grid interactive roof top solar photovoltaic power generation system including space frame | C16: ₹/kWp | D16: 58480
... A43: 7.28 | B43: Motorized steel gates upto 6.00 metre width | C43: ₹/gate | D43: 500000
A49: Source notes embedded in the PDF
A50: 7.2: For kVA estimation, the source refers to the CPWD Guidelines for Substation & Power Distribution Systems of Buildings-2019, paras 4.4, 13 and other relevant paras.
A51: 7.10: CCTV indoor rate includes peripheral IP-based PTZ camera, indoor cameras at reception/corridors/lift lobby etc., wiring to CCTV room and monitoring unit(s); excludes inside office/lab rooms and special video walls.
A52: 7.17/7.18: Source notes that common switches, OFC and CAT 6A infrastructure may be economical for both voice and networking.
A53: 7.19 street lighting: Source says applicable for plot sizes more than 1 acre; for smaller plots actual requirements may be worked out.
A54: General façade lighting, if required, is to be assessed case by case.

Sheet 08 Notes
A1: 08 — Source Notes
A2: Notes reproduced/organized from the CPWD PDF; no external corrections substituted.
A4: Note | B4: Source note
A5: 1 | B5: Rates are inclusive of CP & OH, GST and Labour Welfare Cess; any other Cess/Levy imposed by local Government shall be added separately.
A6: 2 | B6: Third Party Quality Assurance (Item 3.1) and Consultancy Services for designing and planning of the project (Item 3.2) shall only be considered if desired by the clients.
A7: 3 | B7: Accessibility features for barrier-free built environment: for new construction, cost is deemed included in the rate for non-residential buildings; for existing construction, estimate may be prepared as per prevalent Delhi Schedule of Rates.
A8: 4.1 | B8: If development component area/length under items 6.1 to 6.7 cannot be computed: Compact site — 4.5% of building cost. Description: single huge-area building with few ancillary buildings or few high-rise blocks (higher than 12 storeys) in close cluster.
A9: 4.2 | B9: Semi compact/semi scattered site — 6.0% of building cost. Description: few midrise blocks (6 to 12 storeys) in a gated compound.
A10: 4.3 | B10: Large site — 7.5% of building cost. Description: various scattered low-rise buildings (upto 4 storeys), with exception of a block or two upto 6 storeys.
A11: 5a | B11: Development works not included: tube wells, pumps, open wells, treatment plant, extension of lines from source of local bodies, head works at water source etc.
A12: 5b | B12: Development works not included: sewage pumps, sewage treatment plants, septic tanks, extension of outfall sewer upto point of disposal etc.
A13: 6 | B13: Provision for Specialized E&M services, if required, may be made as per section 7.0.
A14: 7 | B14: Concealed wiring shall be used in all electrical works.
A15: 8a | B15: Green measure included in civil/electrical rates: over-deck insulation and high SRI reflective paint on thereof.
... A22: 8h | B22: Green measure included: BEE-certified 5-star rated fixtures.

Sheet 09 Cost Index
A1: 09 — Annexure-VI: Proforma for Calculation of Building Cost Index
A2: Component rates as presented in the PDF. The PDF's second page of the proforma labels the comparison rates as 01.04.2023.
A4: S.No. | B4: Description | C4: Unit | D4: %age | E4: Rates as on 01.04.2025 (₹) | F4: Proportionate value (₹) | G4: Weightage/combined rates (₹) | H4: Weightage of Component (%) | I4: Rates at revision of Cost Index | J4: Cost Index
A5: 1 | B5: Bricks (Fly Ash) | C5: 1000 nos. | D5: 100 | E5: 4750 | F5: 4750 | G5: 4750 | H5: 8
A6: 2 | B6: Cement (OPC) | C6: qtl. | D6: 100 | E6: 523.45 | F6: 523.45 | G6: 523.45 | H6: 14.5
A7: 3a | B7: TMT Steel Reinforcement bar — 8 & 10 mm dia. | C7: qtl. | D7: 50 | E7: 5430 | F7: 2715 | G7: 5530 | H7: 19.5
A8: 3b | B8: TMT Steel Reinforcement bar — 12 & 16 mm dia. | C8: qtl. | D8: 50 | E8: 5630 | F8: 2815
A9: 4a | B9: Aggregates 20 mm — Natural sources | C9: cum | D9: 75 | E9: 1500 | F9: 1125 | G9: 1375 | H9: 6.5
A10: 4b | B10: Aggregates 20 mm (RCA) | C10: cum | D10: 25 | E10: 1000 | F10: 250
A11: 5a | B11: Sand (coarse sand) — Natural sources | C11: cum | D11: 75 | E11: 1250 | F11: 937.5 | G11: 1260 | H11: 3
A12: 5b | B12: Sand (coarse sand) RA | C12: cum | D12: 25 | E12: 1290 | F12: 322.5
A13: 6a | B13: Flooring Items — Vitrified tiles | C13: sqm | D13: 50 | E13: 380 | F13: 190 | G13: 658.07 | H13: 5
A14: 6b | B14: Flooring Items — Ceramic tiles | C14: sqm | D14: 20 | E14: 352 | F14: 70.4
A15: 6c | B15: Flooring Items — Kota stone | C15: sqm | D15: 10 | E15: 376.74 | F15: 37.67
A16: 6d | B16: Flooring Items — Granite stone | C16: sqm | D16: 20 | E16: 1800 | F16: 360
A17: 7a | B17: Paints — Synthetic enamel paint | C17: litre | D17: 33.33 | E17: 178 | F17: 59.33 | G17: 167.67 | H17: 3
A18: 7b | B18: Paints — Acrylic washable distemper | C18: litre | D18: 33.33 | E18: 38 | F18: 12.67
A19: 7c | B19: Paints — Premium acrylic paint | C19: litre | D19: 33.33 | E19: 287 | F19: 95.66
A20: 8a | B20: Door/windows — 35 mm thick flush door shutters, both side commercial veneering | C20: sqm | D20: 30 | E20: 2120 | F20: 636 | G20: 2601 | H20: 7
A21: 8b | B21: Door/windows — Factory made, standard Z-section steel windows | C21: sqm | D21: 15 | E21: 1750 | F21: 262.5
A22: 8c | B22: Door/windows — uPVC windows | C22: sqm | D22: 20 | E22: 4400 | F22: 880
A23: 8d | B23: Door/windows — Aluminum window | C23: sqm | D23: 35 | E23: 2350 | F23: 822.5
A24: 9a | B24: Pipes — 15 mm GI pipes | C24: metre | D24: 10 | E24: 110 | F24: 11 | G24: 350 | H24: 2.5
A25: 9b | B25: Pipes — 100 mm CI pipes | C25: metre | D25: 40 | E25: 710 | F25: 284
A26: 9c | B26: Pipes — 20 mm black conduits | C26: metre | D26: 20 | E26: 80 | F26: 16
A27: 9d | B27: Pipes — 20 mm CPVC pipes | C27: metre | D27: 30 | E27: 130 | F27: 39
A28: 10a | B28: Lamps & Fans — Ceiling fans 1200 mm | C28: each | D28: 50 | E28: 1315 | F28: 657.5 | G28: 816.4 | H28: 4.5
A29: 10b | B29: Lamps & Fans — 1200 mm LED tube lights with fittings | C29: each | D29: 40 | E29: 383 | F29: 153.2
A30: 10c | B30: Lamps & Fans — LED bulbs 9/11 W | C30: each | D30: 10 | E30: 57 | F30: 5.7
A31: 11 | B31: Electrical machinery, Motor 7.5 HP (pump set) 1500 RPM | C31: each | D31: 100 | E31: 29500 | F31: 29500 | G31: 29500 | H31: 2.5
A32: 12a | B32: Wires & cables — Copper wire 1.5 sqmm | C32: 100 metre | D32: 70 | E32: 1280 | F32: 896 | G32: 1861.4 | H32: 4
A33: 12b | B33: Wires & cables — Copper wire 4.0 sqmm | C33: 100 metre | D33: 30 | E33: 3218 | F33: 965.4
A34: 13a | B34: Labour — Skilled | C34: each | D34: 50 | E34: 981 | F34: 490.5 | G34: 893 | H34: 20
A35: 13b | B35: Labour — Unskilled | C35: each | D35: 50 | E35: 805 | F35: 402.5
A38: Purpose: The Building Cost Index indicates the change in construction cost from the base period to the current period. It is calculated using weighted changes in the rates of representative construction materials, equipment and labour.
A40: Important source note
A41: The PDF notes that aggregates 20 mm and coarse sand are split into 75% natural source and 25% RCA/RA. Where RCA/RA components are unavailable because C&D waste conversion units are not set up, the 25% RCA/RA components may be avoided and 100% natural-source materials considered.
A42: The PDF also states that material rates adopted in column 5 and computed rates in columns 6 and 7 are bare rates excluding GST or other levy; for local cost index, bare rates at the respective station shall be considered.
A49: S.No. | B49: Description | C49: Unit | D49: %age | E49: Rate ₹ | F49: Proportionate value ₹ | G49: Weightage rate ₹ | H49: Component weight | I49: Rate at revision | J49: Cost Index
A50: 1 | B50: Bricks (Fly Ash) | C50: 1000 nos. | D50: 1 | E50: 4750 | F50: 4750 | G50: 4750 | H50: 0.08 | I50: — | J50: —
A51: 2 | B51: Cement (OPC) | C51: qtl. | D51: 1 | E51: 523.45 | F51: 523.45 | G51: 523.45 | H51: 0.145 | I51: — | J51: —
A52: 3a | B52: TMT Steel Reinforcement Bar — 8 & 10 mm dia. | C52: qtl. | D52: 0.5 | E52: 5430 | F52: 2715 | G52: 5530 | H52: 0.195 | I52: — | J52: —
A53: 3b | B53: TMT Steel Reinforcement Bar — 12 & 16 mm dia. | C53: qtl. | D53: 0.5 | E53: 5630 | F53: 2815 | G53: — | H53: — | I53: — | J53: —
A54: 3 Total | B54: TMT Steel Reinforcement Bar | C54: Combined | D54: 1 | E54: — | F54: 5530 | G54: 5530 | H54: 0.195 | I54: — | J54: —
A55: 4a | B55: Aggregates 20 mm — Natural sources | C55: cum | D55: 0.75 | E55: 1500 | F55: 1125 | G55: 1375 | H55: 0.065 | I55: — | J55: —
A56: 4b | B56: Aggregates 20 mm (RCA) | C56: cum | D56: 0.25 | E56: 1000 | F56: 250 | G56: — | H56: — | I56: — | J56: —
A57: 4 Total | B57: Aggregates 20 mm | C57: Combined | D57: 1 | E57: — | F57: 1375 | G57: 1375 | H57: 0.065 | I57: — | J57: —
A58: 5a | B58: Sand (coarse sand) — Natural sources | C58: cum | D58: 0.75 | E58: 1250 | F58: 937.5 | G58: 1260 | H58: 0.03 | I58: — | J58: —
A59: 5b | B59: Sand (coarse sand) — RA | C59: cum | D59: 0.25 | E59: 1290 | F59: 322.5 | G59: — | H59: — | I59: — | J59: —
A60: 5 Total | B60: Sand (coarse sand) | C60: Combined | D60: 1 | E60: — | F60: 1260 | G60: 1260 | H60: 0.03 | I60: — | J60: —
A61: 6a | B61: Flooring Items — Vitrified tiles | C61: sqm | D61: 0.5 | E61: 380 | F61: 190 | G61: 658.07 | H61: 0.05 | I61: — | J61: —
A62: 6b | B62: Flooring Items — Ceramic tiles | C62: sqm | D62: 0.2 | E62: 352 | F62: 70.4 | G62: — | H62: — | I62: — | J62: —
A63: 6c | B63: Flooring Items — Kota stone | C63: sqm | D63: 0.1 | E63: 376.74 | F63: 37.67 | G63: — | H63: — | I63: — | J63: —
A64: 6d | B64: Flooring Items — Granite stone | C64: sqm | D64: 0.2 | E64: 1800 | F64: 360 | G64: — | H64: — | I64: — | J64: —
A65: 6 Total | B65: Flooring Items | C65: Combined | D65: 1 | E65: — | F65: 658.07 | G65: 658.07 | H65: 0.05 | I65: — | J65: —
A66: 7a | B66: Paints — Synthetic enamel paint | C66: litre | D66: 0.3333 | E66: 178 | F66: 59.33 | G66: 167.67 | H66: 0.03 | I66: — | J66: —
A67: 7b | B67: Paints — Acrylic washable distemper | C67: litre | D67: 0.3333 | E67: 38 | F67: 12.67 | G67: — | H67: — | I67: — | J67: —
A68: 7c | B68: Paints — Premium acrylic paint | C68: litre | D68: 0.3333 | E68: 287 | F68: 95.66 | G68: — | H68: — | I68: — | J68: —
A69: 7 Total | B69: Paints | C69: Combined | D69: 1 | E69: — | F69: 167.66 | G69: 167.67 | H69: 0.03 | I69: — | J69: —
A70: 8a | B70: Door/windows — 35 mm flush door, veneered both sides | C70: sqm | D70: 0.3 | E70: 2120 | F70: 636 | G70: 2601 | H70: 0.07 | I70: — | J70: —
A71: 8b | B71: Door/windows — Factory-made Z-section steel windows | C71: sqm | D71: 0.15 | E71: 1750 | F71: 262.5 | G71: — | H71: — | I71: — | J71: —
A72: 8c | B72: Door/windows — uPVC windows | C72: sqm | D72: 0.2 | E72: 4400 | F72: 880 | G72: — | H72: — | I72: — | J72: —
A73: 8d | B73: Door/windows — Aluminum window | C73: sqm | D73: 0.35 | E73: 2350 | F73: 822.5 | G73: — | H73: — | I73: — | J73: —
A74: 8 Total | B74: Door/windows | C74: Combined | D74: 1 | E74: — | F74: 2601 | G74: 2601 | H74: 0.07 | I74: — | J74: —
A75: 9a | B75: Pipes — 15 mm GI pipes | C75: metre | D75: 0.1 | E75: 110 | F75: 11 | G75: 350 | H75: 0.025 | I75: — | J75: —
A76: 9b | B76: Pipes — 100 mm CI pipes | C76: metre | D76: 0.4 | E76: 710 | F76: 284 | G76: — | H76: — | I76: — | J76: —
A77: 9c | B77: Pipes — 20 mm black conduits | C77: metre | D77: 0.2 | E77: 80 | F77: 16 | G77: — | H77: — | I77: — | J77: —
A78: 9d | B78: Pipes — 20 mm CPVC pipes | C78: metre | D78: 0.3 | E78: 130 | F78: 39 | G78: — | H78: — | I78: — | J78: —
A79: 9 Total | B79: Pipes | C79: Combined | D79: 1 | E79: — | F79: 350 | G79: 350 | H79: 0.025 | I79: — | J79: —
A80: 10a | B80: Lamps & Fans — Ceiling fans 1200 mm | C80: each | D80: 0.5 | E80: 1315 | F80: 657.5 | G80: 816.4 | H80: 0.045 | I80: — | J80: —
A81: 10b | B81: Lamps & Fans — 1200 mm LED tube lights with fittings | C81: each | D81: 0.4 | E81: 383 | F81: 153.2 | G81: — | H81: — | I81: — | J81: —
A82: 10c | B82: Lamps & Fans — LED bulbs 9/11 W | C82: each | D82: 0.1 | E82: 57 | F82: 5.7 | G82: — | H82: — | I82: — | J82: —
A83: 10 Total | B83: Lamps & Fans | C83: Combined | D83: 1 | E83: — | F83: 816.4 | G83: 816.4 | H83: 0.045 | I83: — | J83: —
A84: 11 | B84: Electrical machinery — Motor 7.5 HP (pump set) 1500 RPM | C84: each | D84: 1 | E84: 29500 | F84: 29500 | G84: 29500 | H84: 0.025 | I84: — | J84: —
A85: 12a | B85: Wires & cables — Copper wire 1.5 sqmm | C85: 100 metre | D85: 0.7 | E85: 1280 | F85: 896 | G85: 1861.4 | H85: 0.04 | I85: — | J85: —
A86: 12b | B86: Wires & cables — Copper wire 4.0 sqmm | C86: 100 metre | D86: 0.3 | E86: 3218 | F86: 965.4 | G86: — | H86: — | I86: — | J86: —
A87: 12 Total | B87: Wires & cables | C87: Combined | D87: 1 | E87: — | F87: 1861.4 | G87: 1861.4 | H87: 0.04 | I87: — | J87: —
A88: 13a | B88: Labour — Skilled | C88: each | D88: 0.5 | E88: 981 | F88: 490.5 | G88: 893 | H88: 0.2 | I88: — | J88: —
A89: 13b | B89: Labour — Unskilled | C89: each | D89: 0.5 | E89: 805 | F89: 402.5 | G89: — | H89: — | I89: — | J89: —
A90: 13 Total | B90: Labour | C90: Combined | D90: 1 | E90: — | F90: 893 | G90: 893 | H90: 0.2 | I90: — | J90: —
A92: Component weights sum to 100% (8+14.5+19.5+6.5+3+5+3+7+2.5+4.5+2.5+4+20).

Sheet 10 Source Check
A1: 10 — Source Coverage & Verification Log
A2: Cross-check against all 11 pages of the supplied PDF. Blank cells mean the source does not provide a corresponding value in that row.
A4: Check area | B4: Finding | C4: Status | D4: PDF location
A5: Document identity | B5: Title: Plinth Area Rates 2025 | C5: Confirmed | D5: Page 1
A6: Effective date | B6: Rates as on 01.04.2025 | C6: Confirmed | D6: Page 1
A7: Unit convention | B7: Rate in ₹ per sqm for main PAR table | C7: Confirmed | D7: Page 1
A8: Section 1.0 | B8: Building Cost items 1.1–1.8 | C8: Included | D8: Pages 1–2
A9: Section 2.0 | B9: Services items 2.1–2.4 | C9: Included | D9: Pages 2–3
A10: Section 3.0 | B10: TPQA & Consultancy items 3.1–3.2 | C10: Included | D10: Page 3
A11: Section 4.0 | B11: Passenger, Bed and Goods lifts | C11: Included | D11: Pages 3–4
A12: Section 5.0 | B12: RCC Water Tank items 5.1–5.5 | C12: Included | D12: Page 4
A13: Section 6.0 | B13: Development of Site items 6.1–6.9.2 | C13: Included | D13: Pages 4–5
A14: Section 7.0 | B14: Specialized E&M items 7.1–7.28 | C14: Included | D14: Pages 5–8
A15: Notes | B15: Notes 1–8 and subnotes | C15: Included | D15: Page 9
... A21: No silent correction | B21: Values/descriptions were reorganized for Excel usability but not replaced with external values. | C21: Confirmed | D21: Entire document
